GuideA Position,Guide A,Guide A Score,GuideB Position,Guide B,Guide B Score,Similar NT,Target A,Target B,Mismatch_Position
9823,ATTTAACAAAAAGGTGCACAGCG,1.0,10539,ATGTAACAAAAAGAGACACAGTC,0.896786887,17,CGCTGTGCACCTTTTTGTTAAAT,GACTGTGTCTCTTTTTGTTACAT,XXCTGTGXXXCTTTTTGTTAXAT
15133,TACTACAGATAGAGACACCAGCT,1.0,9266,TAGTAGATACACAAACACCAGCT,0.932929825,17,AGCTGGTGTCTCTATCTGTAGTA,AGCTGGTGTTTGTGTATCTACTA,AGCTGGTGTXTXTXTXTXTAXTA
18736,ATCCAATAGAATGATGCCAACAG,1.0,19510,ACTCATTAGCATGATGTCTACAG,0.6446320529999999,17,CTGTTGGCATCATTCTATTGGAT,CTGTAGACATCATGCTAATGAGT,CTGTXGXCATCATXCTAXTGXXT
9825,TTATTTAACAAAAAGGTGCACAG,0.99561524,10541,GCATGTAACAAAAAGAGACACAG,0.988901247,17,CTGTGCACCTTTTTGTTAAATAA,CTGTGTCTCTTTTTGTTACATGC,CTGTGXXXCTTTTTGTTAXATXX
10541,GCATGTAACAAAAAGAGACACAG,0.988901247,11193,GAAGGTAACAAAAACAAACAGAG,0.558759604,18,CTGTGTCTCTTTTTGTTACATGC,CTCTGTTTGTTTTTGTTACCTTC,CTXTGTXTXTTTTTGTTACXTXC
29195,CAAATTGTGCAATTTGCGGCCAA,0.9861712340000001,9030,AAAATTGTACATTCAGCAGCCAA,0.9630569090000001,17,TTGGCCGCAAATTGCACAATTTG,TTGGCTGCTGAATGTACAATTTT,TTGGCXGCXXAXTGXACAATTTX
29194,AAATTGTGCAATTTGCGGCCAAT,0.982934929,9029,AAATTGTACATTCAGCAGCCAAA,0.931579912,17,ATTGGCCGCAAATTGCACAATTT,TTTGGCTGCTGAATGTACAATTT,XTTGGCXGCXXAXTGXACAATTT
29194,AAATTGTGCAATTTGCGGCCAAT,0.982934929,5961,TAATTGTCCAACTTAGGGTCAAT,0.609077195,17,ATTGGCCGCAAATTGCACAATTT,ATTGACCCTAAGTTGGACAATTA,ATTGXCCXXAAXTTGXACAATTX
7661,TAATAAATGTACTACCAGCACAG,0.981468253,12536,AAGTAAATGTTGTACCATCACAC,0.874412944,17,CTGTGCTGGTAGTACATTTATTA,GTGTGATGGTACAACATTTACTT,XTGTGXTGGTAXXACATTTAXTX
9824,TATTTAACAAAAAGGTGCACAGC,0.9793142020000001,10540,CATGTAACAAAAAGAGACACAGT,0.893181966,17,GCTGTGCACCTTTTTGTTAAATA,ACTGTGTCTCTTTTTGTTACATG,XCTGTGXXXCTTTTTGTTAXATX
18734,CCAATAGAATGATGCCAACAGGC,0.9775966559999999,19508,TCATTAGCATGATGTCTACAGAC,0.7278680190000001,17,GCCTGTTGGCATCATTCTATTGG,GTCTGTAGACATCATGCTAATGA,GXCTGTXGXCATCATXCTAXTGX
6573,GAATTGTCTACATAAGCAGCCAT,0.97449449,16308,GAATGGTCTACGTATGCAAGCAC,0.776355923,17,ATGGCTGCTTATGTAGACAATTC,GTGCTTGCATACGTAGACCATTC,XTGXXTGCXTAXGTAGACXATTC
6573,GAATTGTCTACATAAGCAGCCAT,0.97449449,23851,TAATTGTGTACAAAAACTGCCAT,0.684944379,18,ATGGCTGCTTATGTAGACAATTC,ATGGCAGTTTTTGTACACAATTA,ATGGCXGXTTXTGTAXACAATTX
14912,TTAGCATTAATACAGCCACCATC,0.97042844,19304,TTTACATACAAACTGCCACCATC,0.919301928,17,GATGGTGGCTGTATTAATGCTAA,GATGGTGGCAGTTTGTATGTAAA,GATGGTGGCXGTXTXXATGXXAA
6574,AGAATTGTCTACATAAGCAGCCA,0.9669172840000001,23852,TTAATTGTGTACAAAAACTGCCA,0.641651764,17,TGGCTGCTTATGTAGACAATTCT,TGGCAGTTTTTGTACACAATTAA,TGGCXGXTTXTGTAXACAATTXX
28580,CTTTCATTTTACCGTCACCACCA,0.965887446,1676,CATTAAGTTTAAAGTCACCAACA,0.8106855,17,TGGTGGTGACGGTAAAATGAAAG,TGTTGGTGACTTTAAACTTAATG,TGXTGGTGACXXTAAAXTXAAXG
9461,TCATAAAATAGTAGGCAAGGCAT,0.960698518,21825,TCATTAAATGGTAGGACAGGGTT,0.526358428,17,ATGCCTTGCCTACTATTTTATGA,AACCCTGTCCTACCATTTAATGA,AXXCCTXXCCTACXATTTXATGA
28581,TCTTTCATTTTACCGTCACCACC,0.958140772,1677,TCATTAAGTTTAAAGTCACCAAC,0.838874508,17,GGTGGTGACGGTAAAATGAAAGA,GTTGGTGACTTTAAACTTAATGA,GXTGGTGACXXTAAAXTXAAXGA
25560,AAAAACAGCAAGAAGTGCAACGC,0.9550205959999999,12019,CAAAACAGAAAGTAGTGAAACCA,0.717536805,17,GCGTTGCACTTCTTGCTGTTTTT,TGGTTTCACTACTTTCTGTTTTG,XXGTTXCACTXCTTXCTGTTTTX
27182,AAGCAAAGCAATATTGTCACTGC,0.954403947,25269,CAGCAAAGCATAATTGTCACCAT,0.828283833,17,GCAGTGACAATATTGCTTTGCTT,ATGGTGACAATTATGCTTTGCTG,XXXGTGACAATXXTGCTTTGCTX
26387,TTAACAATATTGCAGCAGTACGC,0.954221462,21445,TTAAAGACATAACAGCAGTACCC,0.950278183,17,GCGTACTGCTGCAATATTGTTAA,GGGTACTGCTGTTATGTCTTTAA,GXGTACTGCTGXXATXTXXTTAA
26385,AACAATATTGCAGCAGTACGCAC,0.952472293,25333,ATCAAATTTGCAGCAGGATCCAC,0.90935025,17,GTGCGTACTGCTGCAATATTGTT,GTGGATCCTGCTGCAAATTTGAT,GTGXXTXCTGCTGCAAXXTTGXT
27181,AGCAAAGCAATATTGTCACTGCT,0.9492029959999999,25268,AGCAAAGCATAATTGTCACCATT,0.6792100590000001,18,AGCAGTGACAATATTGCTTTGCT,AATGGTGACAATTATGCTTTGCT,AXXXGTGACAATXXTGCTTTGCT
25083,GCATTAATGCCAGAGATGTCACC,0.948669145,16936,GCATTACTGTATGTGATGTCAGC,0.711325786,17,GGTGACATCTCTGGCATTAATGC,GCTGACATCACATACAGTAATGC,GXTGACATCXCXXXCAXTAATGC
7662,CTAATAAATGTACTACCAGCACA,0.9465204309999999,12537,TAAGTAAATGTTGTACCATCACA,0.789236134,17,TGTGCTGGTAGTACATTTATTAG,TGTGATGGTACAACATTTACTTA,TGTGXTGGTAXXACATTTAXTXX
23405,CATCCTGATAAAGAACAGCAACC,0.9408180340000001,14515,CATCCTGATTATGTACAACACCT,0.807685833,17,GGTTGCTGTTCTTTATCAGGATG,AGGTGTTGTACATAATCAGGATG,XGXTGXTGTXCXTXATCAGGATG
9161,TAGGAAATTGAATAATAGAGCCA,0.940766487,18931,TAGGATATTCAATAGTCCAGTCA,0.60289175,17,TGGCTCTATTATTCAATTTCCTA,TGACTGGACTATTGAATATCCTA,TGXCTXXAXTATTXAATXTCCTA
6575,TAGAATTGTCTACATAAGCAGCC,0.939366727,16310,AAGAATGGTCTACGTATGCAAGC,0.53304718,17,GGCTGCTTATGTAGACAATTCTA,GCTTGCATACGTAGACCATTCTT,GXXTGCXTAXGTAGACXATTCTX
9464,ACCTCATAAAATAGTAGGCAAGG,0.9300940259999999,21828,CCATCATTAAATGGTAGGACAGG,0.8448908509999999,17,CCTTGCCTACTATTTTATGAGGT,CCTGTCCTACCATTTAATGATGG,CCTXXCCTACXATTTXATGAXGX
14656,CAACATTGTTAGTAAGTGCAGCT,0.927981941,8138,ACACATTCTTTGCAAGTTCAGCT,0.650416919,17,AGCTGCACTTACTAACAATGTTG,AGCTGAACTTGCAAAGAATGTGT,AGCTGXACTTXCXAAXAATGTXX
7663,ACTAATAAATGTACTACCAGCAC,0.927469639,12538,ATAAGTAAATGTTGTACCATCAC,0.654506064,17,GTGCTGGTAGTACATTTATTAGT,GTGATGGTACAACATTTACTTAT,GTGXTGGTAXXACATTTAXTXXT
26384,ACAATATTGCAGCAGTACGCACA,0.923000204,25332,TCAAATTTGCAGCAGGATCCACA,0.865861001,17,TGTGCGTACTGCTGCAATATTGT,TGTGGATCCTGCTGCAAATTTGA,TGTGXXTXCTGCTGCAAXXTTGX
28940,GCAGCAAAGCAAGAGCAGCATCA,0.9226292840000001,25785,CCAGCAAAGCCAAAGCCTCATTA,0.712248212,17,TGATGCTGCTCTTGCTTTGCTGC,TAATGAGGCTTTGGCTTTGCTGG,TXATGXXGCTXTXGCTTTGCTGX
14657,GCAACATTGTTAGTAAGTGCAGC,0.919725773,8139,GACACATTCTTTGCAAGTTCAGC,0.535302607,17,GCTGCACTTACTAACAATGTTGC,GCTGAACTTGCAAAGAATGTGTC,GCTGXACTTXCXAAXAATGTXXC
14655,AACATTGTTAGTAAGTGCAGCTA,0.918447935,12592,AACAATTTTACTATCTGCATCTA,0.549790586,17,TAGCTGCACTTACTAACAATGTT,TAGATGCAGATAGTAAAATTGTT,TAGXTGCAXXTAXTAAXAXTGTT
12185,CAGAATCACCATTAGCAACAGCC,0.9140874590000001,25320,CAGGATCCACAAGAACAACAGCC,0.733161735,17,GGCTGTTGCTAATGGTGATTCTG,GGCTGTTGTTCTTGTGGATCCTG,GGCTGTTGXTXXTGXXGATXCTG
6572,AATTGTCTACATAAGCAGCCATT,0.9110467659999999,23850,AATTGTGTACAAAAACTGCCATA,0.681612643,18,AATGGCTGCTTATGTAGACAATT,TATGGCAGTTTTTGTACACAATT,XATGGCXGXTTXTGTAXACAATT
13586,AGGAATTTAGCAAAACCAGCTAC,0.905063295,17276,TTGAATTTATCAAAACACTCTAC,0.611145157,17,GTAGCTGGTTTTGCTAAATTCCT,GTAGAGTGTTTTGATAAATTCAA,GTAGXXXGTTTTGXTAAATTCXX
12655,AGCTGTTACAATAAGAGGCCATG,0.900378,7891,AACTATAACATTAATAGGCAATG,0.59491739,17,CATGGCCTCTTATTGTAACAGCT,CATTGCCTATTAATGTTATAGTT,CATXGCCTXTTAXTGTXAXAGXT
8810,TGTCATTAGTATAACTACCACCA,0.900216268,19939,TGTCAGTCATAGAACAAACACCA,0.6150068879999999,17,TGGTGGTAGTTATACTAATGACA,TGGTGTTTGTTCTATGACTGACA,TGGTGXTXGTTXTAXXAXTGACA
9465,AACCTCATAAAATAGTAGGCAAG,0.896944332,21829,ACCATCATTAAATGGTAGGACAG,0.828080351,17,CTTGCCTACTATTTTATGAGGTT,CTGTCCTACCATTTAATGATGGT,CTXXCCTACXATTTXATGAXGXT
22666,TAGGACAGAATAATCAGCAACAC,0.89647008,16917,CAGCACAAAATAATCACCAACAT,0.723573015,18,GTGTTGCTGATTATTCTGTCCTA,ATGTTGGTGATTATTTTGTGCTG,XTGTTGXTGATTATTXTGTXCTX
26383,CAATATTGCAGCAGTACGCACAC,0.8955988690000001,25331,CAAATTTGCAGCAGGATCCACAA,0.6918835729999999,17,GTGTGCGTACTGCTGCAATATTG,TTGTGGATCCTGCTGCAAATTTG,XTGTGXXTXCTGCTGCAAXXTTG
9826,TTTATTTAACAAAAAGGTGCACA,0.8880834240000001,10542,TGCATGTAACAAAAAGAGACACA,0.8818152770000001,17,TGTGCACCTTTTTGTTAAATAAA,TGTGTCTCTTTTTGTTACATGCA,TGTGXXXCTTTTTGTTAXATXXA
7001,AGTAGATTAAAGAACCTAGGCAA,0.885025928,7287,AGTACATAGAAAAACCTAGTGAA,0.563884221,17,TTGCCTAGGTTCTTTAATCTACT,TTCACTAGGTTTTTCTATGTACT,TTXXCTAGGTTXTTXXATXTACT
10868,GTAATTCTTTTAATGAAGCACAC,0.883327002,13876,GTATTTCTTTTAATGTGTCACAA,0.645465623,18,GTGTGCTTCATTAAAAGAATTAC,TTGTGACACATTAAAAGAAATAC,XTGTGXXXCATTAAAAGAAXTAC
13254,CAGTACAGACAACACGATGCACC,0.880923764,5936,CTGTACAAACAACACCATCCAAT,0.655559469,17,GGTGCATCGTGTTGTCTGTACTG,ATTGGATGGTGTTGTTTGTACAG,XXTGXATXGTGTTGTXTGTACXG
14470,TTGAAACTACAAATGGAACACCA,0.8804421029999999,14149,AAGAATCTACAACAGGAACTCCA,0.778561906,17,TGGTGTTCCATTTGTAGTTTCAA,TGGAGTTCCTGTTGTAGATTCTT,TGGXGTTCCXXTTGTAGXTTCXX
3736,GTCAGCACCAAAAATACCAGCTG,0.87225667,9019,TTCAGCAGCCAAAACACAAGCTG,0.592325927,18,CAGCTGGTATTTTTGGTGCTGAC,CAGCTTGTGTTTTGGCTGCTGAA,CAGCTXGTXTTTTXGXTGCTGAX
14654,ACATTGTTAGTAAGTGCAGCTAC,0.8708820359999999,12591,ACAATTTTACTATCTGCATCTAC,0.622531014,17,GTAGCTGCACTTACTAACAATGT,GTAGATGCAGATAGTAAAATTGT,GTAGXTGCAXXTAXTAAXAXTGT
7062,TAACCAGTACAGTAAGAAGGCAT,0.869763823,7119,GAACCAGTACAGTAGGTTGCAAT,0.569972818,17,ATGCCTTCTTACTGTACTGGTTA,ATTGCAACCTACTGTACTGGTTC,ATXXCXXCXTACTGTACTGGTTX
22915,GTAATTATAATTACCACCAACCT,0.8694385640000001,8806,ATTAGTATAACTACCACCACGCT,0.827832289,17,AGGTTGGTGGTAATTATAATTAC,AGCGTGGTGGTAGTTATACTAAT,AGXXTGGTGGTAXTTATAXTXAX
25332,TCAAATTTGCAGCAGGATCCACA,0.865861001,29474,CCAAATCTGCAGCAGGAAGAAGA,0.556156298,17,TGTGGATCCTGCTGCAAATTTGA,TCTTCTTCCTGCTGCAGATTTGG,TXTXXXTCCTGCTGCAXATTTGX
7664,CACTAATAAATGTACTACCAGCA,0.865809692,12539,CATAAGTAAATGTTGTACCATCA,0.695792814,17,TGCTGGTAGTACATTTATTAGTG,TGATGGTACAACATTTACTTATG,TGXTGGTAXXACATTTAXTXXTG
25561,GAAAAACAGCAAGAAGTGCAACG,0.865782697,12020,GCAAAACAGAAAGTAGTGAAACC,0.713697182,18,CGTTGCACTTCTTGCTGTTTTTC,GGTTTCACTACTTTCTGTTTTGC,XGTTXCACTXCTTXCTGTTTTXC
29480,AATCATCCAAATCTGCAGCAGGA,0.864907839,14155,AATAATAAGAATCTACAACAGGA,0.848913025,17,TCCTGCTGCAGATTTGGATGATT,TCCTGTTGTAGATTCTTATTATT,TCCTGXTGXAGATTXXXATXATT
4132,ATCACCCACTATATATGGAGCAT,0.860361033,3568,ACCACCCACTTTAAGTGGTCCAT,0.5920869670000001,17,ATGCTCCATATATAGTGGGTGAT,ATGGACCACTTAAAGTGGGTGGT,ATGXXCCAXXTAXAGTGGGTGXT
24101,TAGCAGCAATATCACCAAGGCAA,0.857712556,26328,TAGCAAGAATACCACGAAAGCAA,0.557491805,18,TTGCCTTGGTGATATTGCTGCTA,TTGCTTTCGTGGTATTCTTGCTA,TTGCXTTXGTGXTATTXXTGCTA
27179,CAAAGCAATATTGTCACTGCTAC,0.8538401290000001,25266,CAAAGCATAATTGTCACCATTAC,0.564732275,18,GTAGCAGTGACAATATTGCTTTG,GTAATGGTGACAATTATGCTTTG,GTAXXXGTGACAATXXTGCTTTG
19504,TAGCATGATGTCTACAGACAGCA,0.853109311,18730,TAGAATGATGCCAACAGGCATAA,0.604489029,17,TGCTGTCTGTAGACATCATGCTA,TTATGCCTGTTGGCATCATTCTA,TXXTGXCTGTXGXCATCATXCTA
20960,TTAAGATCTGAATCGACAAGCAG,0.849539303,12585,TTACTATCTGCATCTACAACCTG,0.536092589,17,CTGCTTGTCGATTCAGATCTTAA,CAGGTTGTAGATGCAGATAGTAA,CXGXTTGTXGATXCAGATXXTAA
21827,CATCATTAAATGGTAGGACAGGG,0.847207831,9463,CCTCATAAAATAGTAGGCAAGGC,0.733120167,17,CCCTGTCCTACCATTTAATGATG,GCCTTGCCTACTATTTTATGAGG,XCCTXXCCTACXATTTXATGAXG
7660,AATAAATGTACTACCAGCACAGA,0.8435126270000001,12535,AGTAAATGTTGTACCATCACACG,0.8309616809999999,17,TCTGTGCTGGTAGTACATTTATT,CGTGTGATGGTACAACATTTACT,XXTGTGXTGGTAXXACATTTAXT
20059,TACCTTCTGTAATAAGAACACCA,0.8429390170000001,5942,CAATTTCTGTACAAACAACACCA,0.7894087609999999,17,TGGTGTTCTTATTACAGAAGGTA,TGGTGTTGTTTGTACAGAAATTG,TGGTGTTXTTXXTACAGAAXXTX
22667,ATAGGACAGAATAATCAGCAACA,0.840454712,16918,TCAGCACAAAATAATCACCAACA,0.80694521,18,TGTTGCTGATTATTCTGTCCTAT,TGTTGGTGATTATTTTGTGCTGA,TGTTGXTGATTATTXTGTXCTXX
16506,AAAAACTTGTCCATTAGCACACA,0.831153495,22588,AAAAACTTCACCAAAAGGGCACA,0.782258509,17,TGTGTGCTAATGGACAAGTTTTT,TGTGCCCTTTTGGTGAAGTTTTT,TGTGXXCTXXTGGXXAAGTTTTT
12535,AGTAAATGTTGTACCATCACACG,0.8309616809999999,25926,AGGACTTGTTGTGCCATCACCTG,0.566913929,17,CGTGTGATGGTACAACATTTACT,CAGGTGATGGCACAACAAGTCCT,CXXGTGATGGXACAACAXXTXCT
3734,CAGCACCAAAAATACCAGCTGAT,0.8309027379999999,9017,CAGCAGCCAAAACACAAGCTGAT,0.530009296,19,ATCAGCTGGTATTTTTGGTGCTG,ATCAGCTTGTGTTTTGGCTGCTG,ATCAGCTXGTXTTTTXGXTGCTG
16505,AAAACTTGTCCATTAGCACACAA,0.825342548,22587,AAAACTTCACCAAAAGGGCACAA,0.80361427,17,TTGTGTGCTAATGGACAAGTTTT,TTGTGCCCTTTTGGTGAAGTTTT,TTGTGXXCTXXTGGXXAAGTTTT
22099,AAGGTCCATAAGAAAAGGCTGAG,0.825305762,6712,AACTTTGTTAAGAAAAGGCTTAG,0.525314516,17,CTCAGCCTTTTCTTATGGACCTT,CTAAGCCTTTTCTTAACAAAGTT,CTXAGCCTTTTCTTAXXXAXXTT
14148,AGAATCTACAACAGGAACTCCAC,0.8241539379999999,14469,TGAAACTACAAATGGAACACCAT,0.729248958,17,GTGGAGTTCCTGTTGTAGATTCT,ATGGTGTTCCATTTGTAGTTTCA,XTGGXGTTCCXXTTGTAGXTTCX
5719,ATGCTTAAGTTCATACTGAGCAG,0.823257515,26250,GTACATAAGTTCGTACTCATCAG,0.535309527,17,CTGCTCAGTATGAACTTAAGCAT,CTGATGAGTACGAACTTATGTAC,CTGXTXAGTAXGAACTTAXGXAX
12186,TCAGAATCACCATTAGCAACAGC,0.818915987,15524,TTAAAAACACTATTAGCATAAGC,0.56667313,17,GCTGTTGCTAATGGTGATTCTGA,GCTTATGCTAATAGTGTTTTTAA,GCTXXTGCTAATXGTGXTTXTXA
3735,TCAGCACCAAAAATACCAGCTGA,0.817091536,9018,TCAGCAGCCAAAACACAAGCTGA,0.630450928,19,TCAGCTGGTATTTTTGGTGCTGA,TCAGCTTGTGTTTTGGCTGCTGA,TCAGCTXGTXTTTTXGXTGCTGA
22919,ACAGGTAATTATAATTACCACCA,0.814583885,25270,ACAGCAAAGCATAATTGTCACCA,0.808050947,17,TGGTGGTAATTATAATTACCTGT,TGGTGACAATTATGCTTTGCTGT,TGGTGXXAATTATXXTTXXCTGT
13585,GGAATTTAGCAAAACCAGCTACT,0.814490224,17275,TGAATTTATCAAAACACTCTACA,0.65500153,17,AGTAGCTGGTTTTGCTAAATTCC,TGTAGAGTGTTTTGATAAATTCA,XGTAGXXXGTTTTGXTAAATTCX
1528,GGCACACTTGTTATGGCAACCAA,0.812400413,25254,GTCACCATTACTATGGCAATCAA,0.610003175,17,TTGGTTGCCATAACAAGTGTGCC,TTGATTGCCATAGTAATGGTGAC,TTGXTTGCCATAXXAAXXGTGXC
8805,TTAGTATAACTACCACCACGCTG,0.812359249,22914,TAATTATAATTACCACCAACCTT,0.748059639,17,CAGCGTGGTGGTAGTTATACTAA,AAGGTTGGTGGTAATTATAATTA,XAGXXTGGTGGTAXTTATAXTXA
1676,CATTAAGTTTAAAGTCACCAACA,0.8106855,6500,GTTTAAGTATAATGTCTCCTACA,0.7208634420000001,17,TGTTGGTGACTTTAAACTTAATG,TGTAGGAGACATTATACTTAAAC,TGTXGGXGACXTTAXACTTAAXX
1676,CATTAAGTTTAAAGTCACCAACA,0.8106855,2369,CTTTAAGTTTAGCTCCACCAATA,0.585059326,17,TGTTGGTGACTTTAAACTTAATG,TATTGGTGGAGCTAAACTTAAAG,TXTTGGTGXXXXTAAACTTAAXG
25270,ACAGCAAAGCATAATTGTCACCA,0.808050947,27183,CAAGCAAAGCAATATTGTCACTG,0.627885589,17,TGGTGACAATTATGCTTTGCTGT,CAGTGACAATATTGCTTTGCTTG,XXGTGACAATXXTGCTTTGCTXX
436,TTCAACTTCTACTAAGCCACAAG,0.805661428,10924,TTCATCTTCTAATAAAGCACTAC,0.559154468,17,CTTGTGGCTTAGTAGAAGTTGAA,GTAGTGCTTTATTAGAAGATGAA,XTXGTGXXTTAXTAGAAGXTGAA
13255,GCAGTACAGACAACACGATGCAC,0.8022944009999999,5937,TCTGTACAAACAACACCATCCAA,0.711398923,17,GTGCATCGTGTTGTCTGTACTGC,TTGGATGGTGTTGTTTGTACAGA,XTGXATXGTGTTGTXTGTACXGX
9777,GAAACACCATTAAAGACTACACG,0.7999149240000001,13261,GCAACGGCAGTACAGACAACACG,0.6544984420000001,17,CGTGTAGTCTTTAATGGTGTTTC,CGTGTTGTCTGTACTGCCGTTGC,CGTGTXGTCTXTAXTGXXGTTXC
13112,AATCTTTGTAAGCTTTAGCAGCA,0.7941010079999999,4730,AACCATTATACGCTGTAACAGCA,0.593298918,17,TGCTGCTAAAGCTTACAAAGATT,TGCTGTTACAGCGTATAATGGTT,TGCTGXTAXAGCXTAXAAXGXTT
5942,CAATTTCTGTACAAACAACACCA,0.7894087609999999,13260,CAACGGCAGTACAGACAACACGA,0.627849512,17,TGGTGTTGTTTGTACAGAAATTG,TCGTGTTGTCTGTACTGCCGTTG,TXGTGTTGTXTGTACXGXXXTTG
5942,CAATTTCTGTACAAACAACACCA,0.7894087609999999,27194,CACTTACTGTACAAGCAAAGCAA,0.6043452460000001,17,TGGTGTTGTTTGTACAGAAATTG,TTGCTTTGCTTGTACAGTAAGTG,TXGXXTTGXTTGTACAGXAAXTG
3172,AAGAGCAGCAGAAGTGGCACCAA,0.789363156,23290,GACAGCATCAGTAGTGTCAGCAA,0.775750677,17,TTGGTGCCACTTCTGCTGCTCTT,TTGCTGACACTACTGATGCTGTC,TTGXTGXCACTXCTGXTGCTXTX
12537,TAAGTAAATGTTGTACCATCACA,0.789236134,20771,TTAGGTAATGTTGCACTATCACC,0.620673206,17,TGTGATGGTACAACATTTACTTA,GGTGATAGTGCAACATTACCTAA,XGTGATXGTXCAACATTXXCTXA
13110,TCTTTGTAAGCTTTAGCAGCATC,0.787399018,4728,CCATTATACGCTGTAACAGCATC,0.598067889,17,GATGCTGCTAAAGCTTACAAAGA,GATGCTGTTACAGCGTATAATGG,GATGCTGXTAXAGCXTAXAAXGX
13093,AGCATCTACAGCAAAAGCACAGA,0.784944799,16038,AGCATCTATAGCTAAAGACACGA,0.741303603,17,TCTGTGCTTTTGCTGTAGATGCT,TCGTGTCTTTAGCTATAGATGCT,TCXXXXCTTTXGCTXTAGATGCT
3171,AGAGCAGCAGAAGTGGCACCAAA,0.784391264,23289,ACAGCATCAGTAGTGTCAGCAAT,0.615018906,17,TTTGGTGCCACTTCTGCTGCTCT,ATTGCTGACACTACTGATGCTGT,XTTGXTGXCACTXCTGXTGCTXT
18979,GTTGAACCTTTCTACAAGCCGCA,0.780478902,12596,GTTGAACAATTTTACTATCTGCA,0.583831896,17,TGCGGCTTGTAGAAAGGTTCAAC,TGCAGATAGTAAAATTGTTCAAC,TGCXGXTXGTAXAAXXGTTCAAC
9429,ATAGCTACAATACCACCAGCTAC,0.780002228,9264,GTAGATACACAAACACCAGCTTC,0.7721302,17,GTAGCTGGTGGTATTGTAGCTAT,GAAGCTGGTGTTTGTGTATCTAC,GXAGCTGGTGXTXXTGTAXCTAX
10511,CTATGTTAAAACCAACACTACCA,0.77839868,12449,TTATGTTCAAGGGAACACAACCA,0.563630375,17,TGGTAGTGTTGGTTTTAACATAG,TGGTTGTGTTCCCTTGAACATAA,TGGTXGTGTTXXXTTXAACATAX
26080,AGGTAACATGTTCAACACCAGTG,0.77748807,18797,AGGTTACCTGTAAAACCCCATTG,0.693291453,17,CACTGGTGTTGAACATGTTACCT,CAATGGGGTTTTACAGGTAACCT,CAXTGGXGTTXXACAXGTXACCT
14653,CATTGTTAGTAAGTGCAGCTACT,0.776672593,8135,CATTCTTTGCAAGTTCAGCTTCT,0.563279661,18,AGTAGCTGCACTTACTAACAATG,AGAAGCTGAACTTGCAAAGAATG,AGXAGCTGXACTTXCXAAXAATG
17069,GAATACTTTTGCATACCAACCTT,0.776552593,1762,GAATGCTTTATAATCCAAACCTT,0.528093695,17,AAGGTTGGTATGCAAAAGTATTC,AAGGTTTGGATTATAAAGCATTC,AAGGTTXGXATXXXAAAGXATTC
23359,TGTTATAACACTGACACCACCAA,0.774149525,2761,TTCTATCACAGTGTCATCACCAA,0.5327582,17,TTGGTGGTGTCAGTGTTATAACA,TTGGTGATGACACTGTGATAGAA,TTGGTGXTGXCAXTGTXATAXXA
21972,TTACAAAATTGAAATTCACAGAC,0.7726606709999999,2798,GTTCAAAAGTGATATTCACACTC,0.63939367,17,GTCTGTGAATTTCAATTTTGTAA,GAGTGTGAATATCACTTTTGAAC,GXXTGTGAATXTCAXTTTTGXAX
13092,GCATCTACAGCAAAAGCACAGAA,0.7724777840000001,16037,GCATCTATAGCTAAAGACACGAA,0.7335228570000001,17,TTCTGTGCTTTTGCTGTAGATGC,TTCGTGTCTTTAGCTATAGATGC,TTCXXXXCTTTXGCTXTAGATGC
26249,TACATAAGTTCGTACTCATCAGC,0.771961893,5718,TGCTTAAGTTCATACTGAGCAGG,0.57139777,17,GCTGATGAGTACGAACTTATGTA,CCTGCTCAGTATGAACTTAAGCA,XCTGXTXAGTAXGAACTTAXGXA
11131,AGACATAGCAATAATACCCATAG,0.7716712029999999,19935,AGTCATAGAACAAACACCAATAG,0.58826279,17,CTATGGGTATTATTGCTATGTCT,CTATTGGTGTTTGTTCTATGACT,CTATXGGTXTTXXTXCTATGXCT
14467,AAACTACAAATGGAACACCATCA,0.766309767,14146,AATCTACAACAGGAACTCCACTA,0.6749789190000001,17,TGATGGTGTTCCATTTGTAGTTT,TAGTGGAGTTCCTGTTGTAGATT,TXXTGGXGTTCCXXTTGTAGXTT
10510,TATGTTAAAACCAACACTACCAC,0.76446306,12448,TATGTTCAAGGGAACACAACCAT,0.5316321310000001,17,GTGGTAGTGTTGGTTTTAACATA,ATGGTTGTGTTCCCTTGAACATA,XTGGTXGTGTTXXXTTXAACATA
24435,GCTTGTGCATTTTGGTTGACCAC,0.7633781740000001,10632,GCTTGTGCTGTTTGCCTGTCAAC,0.5462261660000001,17,GTGGTCAACCAAAATGCACAAGC,GTTGACAGGCAAACAGCACAAGC,GTXGXCAXXCAAAXXGCACAAGC
6011,GTACAAGATCAATTGGTTGCTCT,0.761957673,27385,AATCAATCTCCATTGGTTGCTCT,0.652387944,17,AGAGCAACCAATTGATCTTGTAC,AGAGCAACCAATGGAGATTGATT,AGAGCAACCAATXGAXXTTGXXX
9263,TAGATACACAAACACCAGCTTCT,0.757505196,9428,TAGCTACAATACCACCAGCTACT,0.7313965790000001,18,AGAAGCTGGTGTTTGTGTATCTA,AGTAGCTGGTGGTATTGTAGCTA,AGXAGCTGGTGXTXXTGTAXCTA
13877,AGTATTTCTTTTAATGTGTCACA,0.7565831159999999,10869,AGTAATTCTTTTAATGAAGCACA,0.754735727,19,TGTGACACATTAAAAGAAATACT,TGTGCTTCATTAAAAGAATTACT,TGTGXXXCATTAAAAGAAXTACT
4575,GTGTTGATAAGTGACGCTACAGT,0.75586713,14216,GTGTCAACATGTGACTCTGCAGT,0.635410363,17,ACTGTAGCGTCACTTATCAACAC,ACTGCAGAGTCACATGTTGACAC,ACTGXAGXGTCACXTXTXXACAC
10016,GGTAAAGAACATCAGAACCTGAG,0.755335147,16870,GGTAAACAACAGCATCACCATAG,0.721442218,17,CTCAGGTTCTGATGTTCTTTACC,CTATGGTGATGCTGTTGTTTACC,CTXXGGTXXTGXTGTTXTTTACC
2682,ATATTAGGTGCAAGGGCACAGTA,0.7536433240000001,12452,GTATTATGTTCAAGGGAACACAA,0.617667015,17,TACTGTGCCCTTGCACCTAATAT,TTGTGTTCCCTTGAACATAATAC,TXXTGTXCCCTTGXACXTAATAX
18732,AATAGAATGATGCCAACAGGCAT,0.749306713,19506,ATTAGCATGATGTCTACAGACAG,0.703877231,17,ATGCCTGTTGGCATCATTCTATT,CTGTCTGTAGACATCATGCTAAT,XTGXCTGTXGXCATCATXCTAXT
10281,CTGAGTTGAACATTACCAGCCTG,0.7492512290000001,14792,CTGATAGCAGCATTACCATCCTG,0.737928565,17,CAGGCTGGTAATGTTCAACTCAG,CAGGATGGTAATGCTGCTATCAG,CAGGXTGGTAATGXTXXXXTCAG
7837,TAAGTTAACAAAATGAGAGAGAG,0.746140138,11193,GAAGGTAACAAAAACAAACAGAG,0.558759604,17,CTCTCTCTCATTTTGTTAACTTA,CTCTGTTTGTTTTTGTTACCTTC,CTCTXTXTXXTTTTGTTAXCTTX
4727,CATTATACGCTGTAACAGCATCA,0.744084568,13109,CTTTGTAAGCTTTAGCAGCATCT,0.736830822,17,TGATGCTGTTACAGCGTATAATG,AGATGCTGCTAAAGCTTACAAAG,XGATGCTGXTAXAGCXTAXAAXG
20709,CATTTTGTAAAGATTAGGCATAG,0.7410914940000001,6712,AACTTTGTTAAGAAAAGGCTTAG,0.525314516,17,CTATGCCTAATCTTTACAAAATG,CTAAGCCTTTTCTTAACAAAGTT,CTAXGCCTXXTCTTXACAAAXTX
10018,TTGGTAAAGAACATCAGAACCTG,0.74044776,23497,TGTTTGAAAAACATTAGAACCTG,0.592696785,17,CAGGTTCTGATGTTCTTTACCAA,CAGGTTCTAATGTTTTTCAAACA,CAGGTTCTXATGTTXTTXAXXXA
4200,ATTTCAGTAGTGCCACCAGCCTT,0.73399809,1482,AAGGCAATAGTGCGACCACCCTT,0.658981965,17,AAGGCTGGTGGCACTACTGAAAT,AAGGGTGGTCGCACTATTGCCTT,AAGGXTGGTXGCACTAXTGXXXT
18045,TTCAGCTTGTAAAGTTGCCACAT,0.733212205,12097,TATAGCTTGTAAGGTTGCCCTGT,0.621187551,17,ATGTGGCAACTTTACAAGCTGAA,ACAGGGCAACCTTACAAGCTATA,AXXXGGCAACXTTACAAGCTXXA
7349,AATTACTAATAAAATGTACTGCA,0.732397017,145,AATTAGTTATTAATTATACTGCG,0.545492477,17,TGCAGTACATTTTATTAGTAATT,CGCAGTATAATTAATAACTAATT,XGCAGTAXAXTTXATXAXTAATT
5717,GCTTAAGTTCATACTGAGCAGGT,0.7293691999999999,26248,ACATAAGTTCGTACTCATCAGCT,0.70135206,17,ACCTGCTCAGTATGAACTTAAGC,AGCTGATGAGTACGAACTTATGT,AXCTGXTXAGTAXGAACTTAXGX
19508,TCATTAGCATGATGTCTACAGAC,0.7278680190000001,19226,GAATTAGCAGGATATCTATCGAC,0.5227710720000001,17,GTCTGTAGACATCATGCTAATGA,GTCGATAGATATCCTGCTAATTC,GTCXXTAGAXATCXTGCTAATXX
25929,AATAGGACTTGTTGTGCCATCAC,0.727407702,12538,ATAAGTAAATGTTGTACCATCAC,0.654506064,17,GTGATGGCACAACAAGTCCTATT,GTGATGGTACAACATTTACTTAT,GTGATGGXACAACAXXTXCTXXT
23291,GGACAGCATCAGTAGTGTCAGCA,0.720800928,3173,GAAGAGCAGCAGAAGTGGCACCA,0.656013094,17,TGCTGACACTACTGATGCTGTCC,TGGTGCCACTTCTGCTGCTCTTC,TGXTGXCACTXCTGXTGCTXTXC
4520,CATAATCAACCACACCCTCTTGT,0.719451725,9101,CATAAGCAACAGAACCTTCTAGT,0.581036997,17,ACAAGAGGGTGTGGTTGATTATG,ACTAGAAGGTTCTGTTGCTTATG,ACXAGAXGGTXXXGTTGXTTATG
9262,AGATACACAAACACCAGCTTCTG,0.718554995,9427,AGCTACAATACCACCAGCTACTA,0.6558107989999999,17,CAGAAGCTGGTGTTTGTGTATCT,TAGTAGCTGGTGGTATTGTAGCT,XAGXAGCTGGTGXTXXTGTAXCT
20058,ACCTTCTGTAATAAGAACACCAT,0.7173538759999999,5941,AATTTCTGTACAAACAACACCAT,0.6986792759999999,18,ATGGTGTTCTTATTACAGAAGGT,ATGGTGTTGTTTGTACAGAAATT,ATGGTGTTXTTXXTACAGAAXXT
12197,TAAGAACAACTTCAGAATCACCA,0.714582534,21016,TATGTACAGTTGCACAATCACCA,0.556665637,17,TGGTGATTCTGAAGTTGTTCTTA,TGGTGATTGTGCAACTGTACATA,TGGTGATTXTGXAXXTGTXCXTA
21970,ACAAAATTGAAATTCACAGACTT,0.712361343,2796,TCAAAAGTGATATTCACACTCTT,0.5602602520000001,18,AAGTCTGTGAATTTCAATTTTGT,AAGAGTGTGAATATCACTTTTGA,AAGXXTGTGAATXTCAXTTTTGX
5937,TCTGTACAAACAACACCATCCAA,0.711398923,19496,TGTCTACAGACAGCACCACCTAA,0.640538331,17,TTGGATGGTGTTGTTTGTACAGA,TTAGGTGGTGCTGTCTGTAGACA,TTXGXTGGTGXTGTXTGTAXAXA
20708,ATTTTGTAAAGATTAGGCATAGC,0.7109379790000001,6711,ACTTTGTTAAGAAAAGGCTTAGC,0.608463973,18,GCTATGCCTAATCTTTACAAAAT,GCTAAGCCTTTTCTTAACAAAGT,GCTAXGCCTXXTCTTXACAAAXT
5971,TTTCTTATAATAATTGTCCAACT,0.7100649790000001,20163,TTTCTTATAATAATTGAACTGTG,0.607832543,17,AGTTGGACAATTATTATAAGAAA,CACAGTTCAATTATTATAAGAAA,XXXXGXXCAATTATTATAAGAAA
14652,ATTGTTAGTAAGTGCAGCTACTG,0.709044938,8134,ATTCTTTGCAAGTTCAGCTTCTG,0.539206525,18,CAGTAGCTGCACTTACTAACAAT,CAGAAGCTGAACTTGCAAAGAAT,CAGXAGCTGXACTTXCXAAXAAT
21971,TACAAAATTGAAATTCACAGACT,0.709026432,2797,TTCAAAAGTGATATTCACACTCT,0.7012739490000001,18,AGTCTGTGAATTTCAATTTTGTA,AGAGTGTGAATATCACTTTTGAA,AGXXTGTGAATXTCAXTTTTGXA
20707,TTTTGTAAAGATTAGGCATAGCA,0.707095742,6710,CTTTGTTAAGAAAAGGCTTAGCA,0.610557011,18,TGCTATGCCTAATCTTTACAAAA,TGCTAAGCCTTTTCTTAACAAAG,TGCTAXGCCTXXTCTTXACAAAX
20998,CACCAATCAAAGTTGAATCTGCA,0.705563444,22772,CTCTAATTACAAATGAATCTGCA,0.5465279270000001,17,TGCAGATTCAACTTTGATTGGTG,TGCAGATTCATTTGTAATTAGAG,TGCAGATTCAXXTXTXATTXGXG
10273,AACATTACCAGCCTGTACCAAGA,0.7055062190000001,14784,AGCATTACCATCCTGAGCAAAGA,0.595473499,18,TCTTGGTACAGGCTGGTAATGTT,TCTTTGCTCAGGATGGTAATGCT,TCTTXGXXCAGGXTGGTAATGXT
20706,TTTGTAAAGATTAGGCATAGCAA,0.703306135,6709,TTTGTTAAGAAAAGGCTTAGCAT,0.605181524,18,TTGCTATGCCTAATCTTTACAAA,ATGCTAAGCCTTTTCTTAACAAA,XTGCTAXGCCTXXTCTTXACAAA
18044,TCAGCTTGTAAAGTTGCCACATT,0.7025249159999999,12096,ATAGCTTGTAAGGTTGCCCTGTT,0.603962895,17,AATGTGGCAACTTTACAAGCTGA,AACAGGGCAACCTTACAAGCTAT,AAXXXGGCAACXTTACAAGCTXX
5941,AATTTCTGTACAAACAACACCAT,0.6986792759999999,13259,AACGGCAGTACAGACAACACGAT,0.526939476,17,ATGGTGTTGTTTGTACAGAAATT,ATCGTGTTGTCTGTACTGCCGTT,ATXGTGTTGTXTGTACXGXXXTT
23407,AACATCCTGATAAAGAACAGCAA,0.694625301,14517,TACATCCTGATTATGTACAACAC,0.536227686,17,TTGCTGTTCTTTATCAGGATGTT,GTGTTGTACATAATCAGGATGTA,XTGXTGTXCXTXATCAGGATGTX
7250,AAAACCACTCTGCAACTAAGCCA,0.6914630820000001,10063,AAAACCACTCTGCAAAACAGCTG,0.523087774,18,TGGCTTAGTTGCAGAGTGGTTTT,CAGCTGTTTTGCAGAGTGGTTTT,XXGCTXXXTTGCAGAGTGGTTTT
14516,ACATCCTGATTATGTACAACACC,0.6906045540000001,23406,ACATCCTGATAAAGAACAGCAAC,0.6833515790000001,18,GGTGTTGTACATAATCAGGATGT,GTTGCTGTTCTTTATCAGGATGT,GXTGXTGTXCXTXATCAGGATGT
24102,CTAGCAGCAATATCACCAAGGCA,0.689901498,26329,CTAGCAAGAATACCACGAAAGCA,0.656906526,18,TGCCTTGGTGATATTGCTGCTAG,TGCTTTCGTGGTATTCTTGCTAG,TGCXTTXGTGXTATTXXTGCTAG
9791,CAAAAGTACTAAAGGAAACACCA,0.6868046,9515,GTAAAGTATTAAAGGCAACTACA,0.6004853729999999,17,TGGTGTTTCCTTTAGTACTTTTG,TGTAGTTGCCTTTAATACTTTAC,TGXXGTTXCCTTTAXTACTTTXX
11150,CAAACATCATTGCAAAAGCAGAC,0.6838435209999999,5690,CTGACATCATAACAAAAGGTGAC,0.590321717,17,GTCTGCTTTTGCAATGATGTTTG,GTCACCTTTTGTTATGATGTCAG,GTCXXCTTTTGXXATGATGTXXG
9589,AATAACAGAATAAACACCAGGTA,0.6837970640000001,6305,AAAGACAACGTATACACCAGGTA,0.634048199,17,TACCTGGTGTTTATTCTGTTATT,TACCTGGTGTATACGTTGTCTTT,TACCTGGTGTXTAXXXTGTXXTT
22668,TATAGGACAGAATAATCAGCAAC,0.68193326,16919,GTCAGCACAAAATAATCACCAAC,0.669682302,17,GTTGCTGATTATTCTGTCCTATA,GTTGGTGATTATTTTGTGCTGAC,GTTGXTGATTATTXTGTXCTXXX
1675,ATTAAGTTTAAAGTCACCAACAA,0.680041479,6499,TTTAAGTATAATGTCTCCTACAA,0.5700325970000001,18,TTGTTGGTGACTTTAAACTTAAT,TTGTAGGAGACATTATACTTAAA,TTGTXGGXGACXTTAXACTTAAX
15514,TATTAGCATAAGCAGTTGTGGCA,0.679042225,11219,TATTAAAATAAGCTACAGTGGCA,0.655234348,17,TGCCACAACTGCTTATGCTAATA,TGCCACTGTAGCTTATTTTAATA,TGCCACXXXXGCTTATXXTAATA
14147,GAATCTACAACAGGAACTCCACT,0.6770422429999999,14468,GAAACTACAAATGGAACACCATC,0.650574232,17,AGTGGAGTTCCTGTTGTAGATTC,GATGGTGTTCCATTTGTAGTTTC,XXTGGXGTTCCXXTTGTAGXTTC
27255,AATAATTAGTAATATCTCTGCTA,0.6747391909999999,19026,AAGAACTGGGAATTTGTCTGCTA,0.611759946,17,TAGCAGAGATATTACTAATTATT,TAGCAGACAAATTCCCAGTTCTT,TAGCAGAXAXATTXCXAXTTXTT
14651,TTGTTAGTAAGTGCAGCTACTGA,0.6729007290000001,8133,TTCTTTGCAAGTTCAGCTTCTGC,0.553721585,17,TCAGTAGCTGCACTTACTAACAA,GCAGAAGCTGAACTTGCAAAGAA,XCAGXAGCTGXACTTXCXAAXAA
27594,ACAAGCAAAAGCAAATTGAGTGC,0.663175741,19564,ACAAGCTAAAGCCAGCTGAGATC,0.5501095020000001,17,GCACTCAATTTGCTTTTGCTTGT,GATCTCAGCTGGCTTTAGCTTGT,GXXCTCAXXTXGCTTTXGCTTGT
11018,GTAACAACCAGTGGTGTGTACCC,0.662319204,9298,GTAATAATCATTGTTAAGTACCC,0.651436235,17,GGGTACACACCACTGGTTGTTAC,GGGTACTTAACAATGATTATTAC,GGGTACXXAXCAXTGXTTXTTAC
21771,ACATGTATAGCATGGAACCAAGT,0.66018967,18107,GCCTGTGTAGGATGTAACCCAGT,0.5607787089999999,17,ACTTGGTTCCATGCTATACATGT,ACTGGGTTACATCCTACACAGGC,ACTXGGTTXCATXCTAXACAXGX
15517,CACTATTAGCATAAGCAGTTGTG,0.659864971,19342,CACTTTTATCAAAAGCTGGTGTG,0.5707296629999999,18,CACAACTGCTTATGCTAATAGTG,CACACCAGCTTTTGATAAAAGTG,CACAXCXGCTTXTGXTAAXAGTG
14154,ATAATAAGAATCTACAACAGGAA,0.652791451,29479,ATCATCCAAATCTGCAGCAGGAA,0.605443097,17,TTCCTGTTGTAGATTCTTATTAT,TTCCTGCTGCAGATTTGGATGAT,TTCCTGXTGXAGATTXXXATXAT
4208,TCGCTAGCATTTCAGTAGTGCCA,0.651663404,25501,TCGGTATCGTTGCAGTAGCGCGA,0.561305456,17,TGGCACTACTGAAATGCTAGCGA,TCGCGCTACTGCAACGATACCGA,TXGCXCTACTGXAAXGXTAXCGA
22920,TACAGGTAATTATAATTACCACC,0.649191837,25271,TACAGCAAAGCATAATTGTCACC,0.6130612129999999,17,GGTGGTAATTATAATTACCTGTA,GGTGACAATTATGCTTTGCTGTA,GGTGXXAATTATXXTTXXCTGTA
5943,TCAATTTCTGTACAAACAACACC,0.648678857,27195,TCACTTACTGTACAAGCAAAGCA,0.575645306,17,GGTGTTGTTTGTACAGAAATTGA,TGCTTTGCTTGTACAGTAAGTGA,XGXXTTGXTTGTACAGXAAXTGA
5943,TCAATTTCTGTACAAACAACACC,0.648678857,26174,TCCATTACTGGATTAACAACTCC,0.551220055,17,GGTGTTGTTTGTACAGAAATTGA,GGAGTTGTTAATCCAGTAATGGA,GGXGTTGTTXXTXCAGXAATXGA
7889,CTATAACATTAATAGGCAATGAA,0.643272659,24348,CTATTAAATTGGTTGGCAATCAA,0.605886653,17,TTCATTGCCTATTAATGTTATAG,TTGATTGCCAACCAATTTAATAG,TTXATTGCCXAXXAATXTXATAG
7890,ACTATAACATTAATAGGCAATGA,0.642272701,24349,ACTATTAAATTGGTTGGCAATCA,0.593232695,17,TCATTGCCTATTAATGTTATAGT,TGATTGCCAACCAATTTAATAGT,TXATTGCCXAXXAATXTXATAGT
9886,GTATCTATTATATTGCGTAAGAG,0.637091221,139,TTATTAATTATACTGCGTGAGTG,0.6305358670000001,17,CTCTTACGCAATATAATAGATAC,CACTCACGCAGTATAATTAATAA,CXCTXACGCAXTATAATXXATAX
13043,CTTCTGTTGCATTACCAGCTTGT,0.635225978,18058,GTCCTGTTACATTTTCAGCTTGT,0.625628599,18,ACAAGCTGGTAATGCAACAGAAG,ACAAGCTGAAAATGTAACAGGAC,ACAAGCTGXXAATGXAACAGXAX
18321,ACACCCCTCGACATCGAAGCCAA,0.634007207,7249,AAACCACTCTGCAACTAAGCCAA,0.5353172970000001,17,TTGGCTTCGATGTCGAGGGGTGT,TTGGCTTAGTTGCAGAGTGGTTT,TTGGCTTXGXTGXXGAGXGGTXT
3737,GGTCAGCACCAAAAATACCAGCT,0.632961704,9020,ATTCAGCAGCCAAAACACAAGCT,0.532782025,17,AGCTGGTATTTTTGGTGCTGACC,AGCTTGTGTTTTGGCTGCTGAAT,AGCTXGTXTTTTXGXTGCTGAXX
24103,TCTAGCAGCAATATCACCAAGGC,0.630924849,26330,ACTAGCAAGAATACCACGAAAGC,0.593075739,17,GCCTTGGTGATATTGCTGCTAGA,GCTTTCGTGGTATTCTTGCTAGT,GCXTTXGTGXTATTXXTGCTAGX
20187,TAATTGTTGGACAACACCATCAA,0.629962779,19746,CAATTCTACATCAACACCATCAA,0.567567171,17,TTGATGGTGTTGTCCAACAATTA,TTGATGGTGTTGATGTAGAATTG,TTGATGGTGTTGXXXXAXAATTX
10062,AAACCACTCTGCAAAACAGCTGA,0.629899626,7249,AAACCACTCTGCAACTAAGCCAA,0.5353172970000001,18,TCAGCTGTTTTGCAGAGTGGTTT,TTGGCTTAGTTGCAGAGTGGTTT,TXXGCTXXXTTGCAGAGTGGTTT
28156,ATTGTAAAAGGTAAACAGGAAAC,0.6259016470000001,29595,ATCGTAAACGGAAAAGCGAAAAC,0.549453162,17,GTTTCCTGTTTACCTTTTACAAT,GTTTTCGCTTTTCCGTTTACGAT,GTTTXCXXTTTXCCXTTTACXAT
14106,GAAATCACCGAAATCATACCAGT,0.624884853,13944,GTTTTCTACAAAATCATACCAGT,0.599688998,17,ACTGGTATGATTTCGGTGATTTC,ACTGGTATGATTTTGTAGAAAAC,ACTGGTATGATTTXGXXGAXXXC
9108,AAACTTTCATAAGCAACAGAACC,0.624724689,735,AAATCTTCATAAGGATCAGTGCC,0.522224502,17,GGTTCTGTTGCTTATGAAAGTTT,GGCACTGATCCTTATGAAGATTT,GGXXCTGXTXCTTATGAAXXTTT
25687,CAGCAACGAGCAAAAGGTGTGAG,0.624288509,9681,CAGAAAGGTACTAAAGGTGTGAA,0.5788663239999999,17,CTCACACCTTTTGCTCGTTGCTG,TTCACACCTTTAGTACCTTTCTG,XTCACACCTTTXGXXCXTTXCTG
138,TATTAATTATACTGCGTGAGTGC,0.622530224,9885,TATCTATTATATTGCGTAAGAGG,0.539430558,17,GCACTCACGCAGTATAATTAATA,CCTCTTACGCAATATAATAGATA,XCXCTXACGCAXTATAATXXATA
18733,CAATAGAATGATGCCAACAGGCA,0.621685123,19507,CATTAGCATGATGTCTACAGACA,0.537342179,18,TGCCTGTTGGCATCATTCTATTG,TGTCTGTAGACATCATGCTAATG,TGXCTGTXGXCATCATXCTAXTG
20771,TTAGGTAATGTTGCACTATCACC,0.620673206,21017,GTATGTACAGTTGCACAATCACC,0.6155469689999999,18,GGTGATAGTGCAACATTACCTAA,GGTGATTGTGCAACTGTACATAC,GGTGATXGTGCAACXXTACXTAX
11684,TCAGTCTAAAGTAGCGGTTGAGT,0.612425275,7021,AACACCTAAAGCAGCGGTTGAGT,0.58482291,17,ACTCAACCGCTACTTTAGACTGA,ACTCAACCGCTGCTTTAGGTGTT,ACTCAACCGCTXCTTTAGXXXXX
26071,GTTCAACACCAGTGTCTGTACTC,0.61175392,13181,GACCAGTACCAGTGTGTGTACAC,0.555000037,17,GAGTACAGACACTGGTGTTGAAC,GTGTACACACACTGGTACTGGTC,GXGTACAXACACTGGTXXTGXXC
26070,TTCAACACCAGTGTCTGTACTCA,0.611606235,13180,ACCAGTACCAGTGTGTGTACACA,0.529868565,17,TGAGTACAGACACTGGTGTTGAA,TGTGTACACACACTGGTACTGGT,TGXGTACAXACACTGGTXXTGXX
6571,ATTGTCTACATAAGCAGCCATTA,0.6115179310000001,23849,ATTGTGTACAAAAACTGCCATAT,0.5747277239999999,17,TAATGGCTGCTTATGTAGACAAT,ATATGGCAGTTTTTGTACACAAT,XXATGGCXGXTTXTGTAXACAAT
2764,CACTTCTATCACAGTGTCATCAC,0.6105778239999999,18679,CACGTCTATCACATAGACAACAG,0.542194126,17,GTGATGACACTGTGATAGAAGTG,CTGTTGTCTATGTGATAGACGTG,XTGXTGXCXXTGTGATAGAXGTG
20770,TAGGTAATGTTGCACTATCACCA,0.6102286610000001,21016,TATGTACAGTTGCACAATCACCA,0.556665637,19,TGGTGATAGTGCAACATTACCTA,TGGTGATTGTGCAACTGTACATA,TGGTGATXGTGCAACXXTACXTA
24100,AGCAGCAATATCACCAAGGCAAT,0.6083075689999999,26327,AGCAAGAATACCACGAAAGCAAG,0.5618818010000001,17,ATTGCCTTGGTGATATTGCTGCT,CTTGCTTTCGTGGTATTCTTGCT,XTTGCXTTXGTGXTATTXXTGCT
3733,AGCACCAAAAATACCAGCTGATA,0.607398836,9016,AGCAGCCAAAACACAAGCTGATG,0.572281071,18,TATCAGCTGGTATTTTTGGTGCT,CATCAGCTTGTGTTTTGGCTGCT,XATCAGCTXGTXTTTTXGXTGCT
6709,TTTGTTAAGAAAAGGCTTAGCAT,0.605181524,19116,TTTGTCACTACAAGGCTGTGCAT,0.590725376,17,ATGCTAAGCCTTTTCTTAACAAA,ATGCACAGCCTTGTAGTGACAAA,ATGCXXAGCCTTXTXXTXACAAA
9670,TAAAGGTGTGAACATAACCATCC,0.604176986,4925,CAAAGGTGATAACTTCACCATCT,0.553906156,17,GGATGGTTATGTTCACACCTTTA,AGATGGTGAAGTTATCACCTTTG,XGATGGTXAXGTTXXCACCTTTX
4731,TAACCATTATACGCTGTAACAGC,0.603215681,13113,TAATCTTTGTAAGCTTTAGCAGC,0.554959263,17,GCTGTTACAGCGTATAATGGTTA,GCTGCTAAAGCTTACAAAGATTA,GCTGXTAXAGCXTAXAAXGXTTA
13878,AAGTATTTCTTTTAATGTGTCAC,0.601997088,10870,CAGTAATTCTTTTAATGAAGCAC,0.601430228,18,GTGACACATTAAAAGAAATACTT,GTGCTTCATTAAAAGAATTACTG,GTGXXXCATTAAAAGAAXTACTX
14215,TGTCAACATGTGACTCTGCAGTT,0.5991823860000001,4574,TGTTGATAAGTGACGCTACAGTT,0.5559396870000001,17,AACTGCAGAGTCACATGTTGACA,AACTGTAGCGTCACTTATCAACA,AACTGXAGXGTCACXTXTXXACA
14215,TGTCAACATGTGACTCTGCAGTT,0.5991823860000001,18163,TGTCAACACATAAACCTTCAGTT,0.520449825,17,AACTGCAGAGTCACATGTTGACA,AACTGAAGGTTTATGTGTTGACA,AACTGXAGXXTXAXXTGTTGACA
18712,CATAAGTGTCTGAAGCAGTGGAA,0.5965071129999999,12158,CATAAGCTTCTTGAGCAGTAGCA,0.558312093,17,TTCCACTGCTTCAGACACTTATG,TGCTACTGCTCAAGAAGCTTATG,TXCXACTGCTXXAGAXXCTTATG
14650,TGTTAGTAAGTGCAGCTACTGAA,0.594077471,8132,TCTTTGCAAGTTCAGCTTCTGCA,0.576816232,17,TTCAGTAGCTGCACTTACTAACA,TGCAGAAGCTGAACTTGCAAAGA,TXCAGXAGCTGXACTTXCXAAXA
24578,TCTGCAAACTTTGAAGTCTGCCT,0.593277101,22821,TCAGCAATCTTTCCAGTTTGCCC,0.529494554,17,AGGCAGACTTCAAAGTTTGCAGA,GGGCAAACTGGAAAGATTGCTGA,XGGCAXACTXXAAAGXTTGCXGA
7288,AAGTACATAGAAAAACCTAGTGA,0.591495265,22288,AAGTAAAGTTTGAAACCTAGTGA,0.5779738179999999,17,TCACTAGGTTTTTCTATGTACTT,TCACTAGGTTTCAAACTTTACTT,TCACTAGGTTTXXXXXTXTACTT
10274,GAACATTACCAGCCTGTACCAAG,0.58027163,14785,CAGCATTACCATCCTGAGCAAAG,0.55025065,17,CTTGGTACAGGCTGGTAATGTTC,CTTTGCTCAGGATGGTAATGCTG,CTTXGXXCAGGXTGGTAATGXTX
23954,CAAAATCTTTAATTGGTGGTGTT,0.5736463589999999,9380,CAATAGGTTGAATTAGTGGTGTA,0.5363883,17,AACACCACCAATTAAAGATTTTG,TACACCACTAATTCAACCTATTG,XACACCACXAATTXAAXXTXTTG
19339,TTTTATCAAAAGCTGGTGTGTGG,0.567871162,6209,CTTTCTTAAAAGAGGGTGTGTAG,0.529400423,17,CCACACACCAGCTTTTGATAAAA,CTACACACCCTCTTTTAAGAAAG,CXACACACCXXCTTTTXAXAAAX
18848,GCTACATGTGCATTACCATGGAC,0.564608445,15566,GATAAAAGTGCATTAACATTGGC,0.538838205,17,GTCCATGGTAATGCACATGTAGC,GCCAATGTTAATGCACTTTTATC,GXCXATGXTAATGCACXTXTAXC
141,AGTTATTAATTATACTGCGTGAG,0.562466708,9888,AAGTATCTATTATATTGCGTAAG,0.521682968,17,CTCACGCAGTATAATTAATAACT,CTTACGCAATATAATAGATACTT,CTXACGCAXTATAATXXATAXXT
11683,CAGTCTAAAGTAGCGGTTGAGTA,0.543607275,7020,ACACCTAAAGCAGCGGTTGAGTA,0.526439997,18,TACTCAACCGCTACTTTAGACTG,TACTCAACCGCTGCTTTAGGTGT,TACTCAACCGCTXCTTTAGXXXX
19745,AATTCTACATCAACACCATCAAC,0.541439172,20186,AATTGTTGGACAACACCATCAAC,0.522498803,18,GTTGATGGTGTTGATGTAGAATT,GTTGATGGTGTTGTCCAACAATT,GTTGATGGTGTTGXXXXAXAATT
7636,TGTATCACAATTAACACAATTCC,0.5410228970000001,15312,TCTATCACATTTAGGATAATCCC,0.536969053,17,GGAATTGTGTTAATTGTGATACA,GGGATTATCCTAAATGTGATAGA,GGXATTXTXXTAAXTGTGATAXA
